-2.49164,1.22597
-2.47164,1.22591
-2.45164,1.22587
-2.43164,1.22597
-2.41164,1.22597
-2.39164,1.22597
-2.37164,1.22597
-2.35164,1.22603
-2.33164,1.22603
-2.31164,1.22575
-2.29164,1.22581
-2.27164,1.22597
-2.25164,1.22591
-2.23164,1.22591
-2.21164,1.22591
-2.19164,1.22591
-2.17164,1.22603
-2.15164,1.22597
-2.13164,1.22591
-2.11164,1.22603
-2.09164,1.22609
-2.07164,1.22609
-2.05164,1.22625
-2.03164,1.22597
-2.01164,1.22603
-1.99164,1.22603
-1.97164,1.22609
-1.95164,1.22612
-1.93164,1.22612
-1.91164,1.22603
-1.89164,1.22619
-1.87164,1.22609
-1.85164,1.22609
-1.83164,1.22609
-1.81164,1.22619
-1.79164,1.22619
-1.77164,1.22603
-1.75164,1.22609
-1.73164,1.22612
-1.71164,1.22609
-1.69164,1.22619
-1.67164,1.22628
-1.65164,1.22634
-1.63164,1.22634
-1.61164,1.22634
-1.59164,1.22625
-1.57164,1.22628
-1.55164,1.22641
-1.53164,1.22644
-1.51164,1.22644
-1.49164,1.22656
-1.47164,1.2265
-1.45164,1.22656
-1.43164,1.2265
-1.41164,1.2265
-1.39164,1.2265
-1.37164,1.22644
-1.35164,1.22644
-1.33164,1.2265
-1.31164,1.22666
-1.29164,1.22656
-1.27164,1.22659
-1.25164,1.22656
-1.23164,1.22659
-1.21164,1.22666
-1.19164,1.22666
-1.17164,1.22681
-1.15164,1.22666
-1.13164,1.22666
-1.11164,1.22675
-1.09164,1.22675
-1.07164,1.22672
-1.05164,1.22681
-1.03164,1.22672
-1.01164,1.22666
-.991642,1.22666
-.971642,1.22672
-.951642,1.22675
-.931642,1.22675
-.911642,1.22687
-.891642,1.22681
-.871642,1.22681
-.851642,1.22691
-.831642,1.22687
-.811642,1.22675
-.791642,1.22675
-.771642,1.22681
-.751642,1.22681
-.731642,1.22687
-.711642,1.22687
-.691642,1.22697
-.671642,1.22697
-.651642,1.22697
-.631642,1.22697
-.611642,1.22697
-.591642,1.22691
-.571642,1.22703
-.551642,1.22691
-.531642,1.22706
-.511642,1.22706
-.491642,1.22697
-.471642,1.22697
-.451642,1.22706
-.431642,1.22706
-.411642,1.22697
-.391642,1.22706
-.371642,1.22712
-.351642,1.22722
-.331642,1.22719
-.311642,1.22712
-.291642,1.22719
-.271642,1.22728
-.251642,1.22734
-.231642,1.22737
-.211642,1.22728
-.191642,1.22728
-.171642,1.22744
-.151642,1.22734
-.131642,1.22734
-.111642,1.22734
-.0916425,1.22737
-.0716425,1.22734
-.0516425,1.22737
-.0316425,1.2275
-.0116425,1.22744
.00835754,1.22737
.0283575,1.22744
.0483575,1.22753
.0683575,1.22744
.0883575,1.22737
.108358,1.22734
.128358,1.2275
.148358,1.2275
.168358,1.22744
.188358,1.2275
.208358,1.22753
.228358,1.22759
.248358,1.22759
.268358,1.22766
.288358,1.22766
.308358,1.22766
.328358,1.22772
.348358,1.22775
.368358,1.22766
.388358,1.22772
.408358,1.22781
.428358,1.22781
.448358,1.22787
.468358,1.22803
.488358,1.22803
.508358,1.22797
.528358,1.22806
.548358,1.22806
.568358,1.22806
.588358,1.22812
.608358,1.22828
.628358,1.22828
.648358,1.22844
.668358,1.2285
.688358,1.22853
.708358,1.22869
.728358,1.22884
.748358,1.229
.768358,1.22916
.788358,1.22912
.808358,1.22937
.828358,1.22959
.848358,1.22969
.868358,1.22984
.888358,1.22997
.908358,1.23012
.928358,1.23022
.948358,1.23037
.968358,1.23062
.988358,1.23078
1.00836,1.23091
1.02836,1.23112
1.04836,1.23131
1.06836,1.23144
1.08836,1.23175
1.10836,1.23206
1.12836,1.23209
1.14836,1.23225
1.16836,1.23259
1.18836,1.23275
1.20836,1.233
1.22836,1.23322
1.24836,1.23356
1.26836,1.23372
1.28836,1.23394
1.30836,1.23422
1.32836,1.23441
1.34836,1.23478
1.36836,1.235
1.38836,1.23531
1.40836,1.23547
1.42836,1.23562
1.44836,1.236
1.46836,1.23625
1.48836,1.23647
1.50836,1.23687
1.52836,1.23712
1.54836,1.23741
1.56836,1.23762
1.58836,1.23794
1.60836,1.23825
1.62836,1.23844
1.64836,1.23872
1.66836,1.23909
1.68836,1.23941
1.70836,1.23966
1.72836,1.24006
1.74836,1.24041
1.76836,1.24059
1.78836,1.24091
1.80836,1.24128
1.82836,1.24159
1.84836,1.24184
1.86836,1.24206
1.88836,1.24237
1.90836,1.24269
1.92836,1.243
1.94836,1.24344
1.96836,1.24375
1.98836,1.24406
2.00836,1.24444
2.02836,1.24475
2.04836,1.245
2.06836,1.24528
2.08836,1.24575
2.10836,1.24594
2.12836,1.24637
2.14836,1.24675
2.16836,1.24709
2.18836,1.24741
2.20836,1.24772
2.22836,1.24816
2.24836,1.24841
2.26836,1.24884
2.28836,1.24909
2.30836,1.24956
2.32836,1.24978
2.34836,1.25019
2.36836,1.2505
2.38836,1.25078
2.40836,1.25109
2.42836,1.25162
2.44836,1.25187
2.46836,1.25241
2.48836,1.25272
2.50836,1.25309
2.52836,1.25341
2.54836,1.25372
2.56836,1.25412
2.58836,1.25453
2.60836,1.25481
2.62836,1.25519
2.64836,1.25544
2.66836,1.25584
2.68836,1.25628
2.70836,1.25666
2.72836,1.25697
2.74836,1.25728
2.76836,1.25784
2.78836,1.25812
2.80836,1.25847
2.82836,1.25884
2.84836,1.25922
2.86836,1.25947
2.88836,1.25994
2.90836,1.26041
2.92836,1.26072
2.94836,1.26109
2.96836,1.26131
2.98836,1.26162
3.00836,1.26203
3.02836,1.26247
3.04836,1.26278
3.06836,1.26316
3.08836,1.26356
3.10836,1.26387
3.12836,1.26425
3.14836,1.26462
3.16836,1.26487
3.18836,1.26519
3.20836,1.26556
3.22836,1.26597
3.24836,1.26634
3.26836,1.26659
3.28836,1.26697
3.30836,1.26744
3.32836,1.26775
3.34836,1.26806
3.36836,1.26853
3.38836,1.26887
3.40836,1.26919
3.42836,1.26953
3.44836,1.26997
3.46836,1.27037
3.48836,1.27075
3.50836,1.271
3.52836,1.27144
3.54836,1.27184
3.56836,1.27222
3.58836,1.27259
3.60836,1.27291
3.62836,1.27337
3.64836,1.27369
3.66836,1.27416
3.68836,1.27441
3.70836,1.27484
3.72836,1.27522
3.74836,1.27562
3.76836,1.276
3.78836,1.27631
3.80836,1.27684
3.82836,1.27725
3.84836,1.27756
3.86836,1.27797
3.88836,1.27841
3.90836,1.27887
3.92836,1.27912
3.94836,1.27975
3.96836,1.28009
3.98836,1.2805
4.00836,1.28081
4.02836,1.28144
4.04836,1.28175
4.06836,1.28203
4.08836,1.28237
4.10836,1.28291
4.12836,1.28334
4.14836,1.28375
4.16836,1.28416
4.18836,1.28459
4.20836,1.28516
4.22836,1.28547
4.24836,1.28591
4.26836,1.28631
4.28836,1.28678
4.30836,1.28722
4.32836,1.28753
4.34836,1.28791
4.36836,1.28841
4.38836,1.28884
4.40836,1.28925
4.42836,1.28962
4.44836,1.29016
4.46836,1.29056
4.48836,1.29109
4.50836,1.29141
4.52836,1.29178
4.54836,1.29225
4.56836,1.29262
4.58836,1.29325
4.60836,1.29366
4.62836,1.29412
4.64836,1.29456
4.66836,1.29497
4.68836,1.29528
4.70836,1.29591
4.72836,1.29628
4.74836,1.29669
4.76836,1.297
4.78836,1.2975
4.80836,1.29781
4.82836,1.29831
4.84836,1.29869
4.86836,1.29912
4.88836,1.29962
4.90836,1.30006
4.92836,1.30053
4.94836,1.30091
4.96836,1.30137
4.98836,1.30184
5.00836,1.30222
5.02836,1.30269
5.04836,1.30303
5.06836,1.3035
5.08836,1.30394
5.10836,1.30441
5.12836,1.30478
5.14836,1.30512
5.16836,1.30566
5.18836,1.30612
5.20836,1.3065
5.22836,1.30703
5.24836,1.30728
5.26836,1.30766
5.28836,1.30828
5.30836,1.30872
5.32836,1.30919
5.34836,1.30959
5.36836,1.31003
5.38836,1.31044
5.40836,1.31084
5.42836,1.31128
5.44836,1.31181
5.46836,1.31228
5.48836,1.31269
5.50836,1.31294
5.52836,1.31337
5.54836,1.31378
5.56836,1.31431
5.58836,1.31469
5.60836,1.31509
5.62836,1.31553
5.64836,1.316
5.66836,1.31647
5.68836,1.31703
5.70836,1.31741
5.72836,1.31781
5.74836,1.31831
5.76836,1.31878
5.78836,1.31912
5.80836,1.31972
5.82836,1.32009
5.84836,1.32056
5.86836,1.32112
5.88836,1.3215
5.90836,1.32197
5.92836,1.3225
5.94836,1.32287
5.96836,1.32334
5.98836,1.32375
6.00836,1.32416
6.02836,1.32459
6.04836,1.325
6.06836,1.32544
6.08836,1.32584
6.10836,1.32622
6.12836,1.32659
6.14836,1.327
6.16836,1.32747
6.18836,1.32794
6.20836,1.32853
6.22836,1.32887
6.24836,1.32937
6.26836,1.32978
6.28836,1.33016
6.30836,1.33056
6.32836,1.33103
6.34836,1.33147
6.36836,1.33187
6.38836,1.33231
6.40836,1.33281
6.42836,1.33334
6.44836,1.33378
6.46836,1.33419
6.48836,1.33456
6.50836,1.33497
6.52836,1.33528
6.54836,1.33572
6.56836,1.33612
6.58836,1.33659
6.60836,1.33706
6.62836,1.3375
6.64836,1.33791
6.66836,1.33837
6.68836,1.33884
6.70836,1.33916
6.72836,1.33962
6.74836,1.34006
6.76836,1.34047
6.78836,1.34091
6.80836,1.34131
6.82836,1.34169
6.84836,1.34209
6.86836,1.34262
6.88836,1.343
6.90836,1.34353
6.92836,1.34394
6.94836,1.34456
6.96836,1.34503
6.98836,1.34541
7.00836,1.34594
7.02836,1.34628
7.04836,1.34666
7.06836,1.34709
7.08836,1.34766
7.10836,1.34812
7.12836,1.34859
7.14836,1.34897
7.16836,1.34944
7.18836,1.34981
7.20836,1.35022
7.22836,1.35069
7.24836,1.35112
7.26836,1.35159
7.28836,1.35197
7.30836,1.35259
7.32836,1.353
7.34836,1.35347
7.36836,1.35391
7.38836,1.35425
7.40836,1.35478
7.42836,1.35525
7.44836,1.35569
7.46836,1.35625
7.48836,1.35662
7.50836,1.35716
7.52836,1.35747
7.54836,1.358
7.56836,1.3585
7.58836,1.35897
7.60836,1.35934
7.62836,1.35978
7.64836,1.36012
7.66836,1.36078
7.68836,1.36109
7.70836,1.36159
7.72836,1.36212
7.74836,1.36244
7.76836,1.36297
7.78836,1.36337
7.80836,1.36387
7.82836,1.36444
7.84836,1.36484
7.86836,1.36528
7.88836,1.36575
7.90836,1.36628
7.92836,1.36669
7.94836,1.36712
7.96836,1.36769
7.98836,1.36794
8.00836,1.36847
8.02836,1.36906
8.04836,1.36941
8.06836,1.36987
8.08836,1.37037
8.10836,1.37084
8.12836,1.37134
8.14836,1.37178
8.16836,1.37234
8.18836,1.37272
8.20836,1.37319
8.22836,1.37381
8.24836,1.37412
8.26836,1.37459
8.28836,1.37512
8.30836,1.37556
8.32836,1.37597
8.34836,1.37637
8.36836,1.37691
8.38836,1.3775
8.40836,1.37791
8.42836,1.37844
8.44836,1.37884
8.46836,1.37912
8.48836,1.37959
8.50836,1.38016
8.52836,1.38075
8.54836,1.38106
8.56836,1.38169
8.58836,1.38206
8.60836,1.38262
8.62836,1.38316
8.64836,1.38356
8.66836,1.38394
8.68836,1.38447
8.70836,1.38494
8.72836,1.3855
8.74836,1.38578
8.76836,1.38631
8.78836,1.38687
8.80836,1.38725
8.82836,1.38778
8.84836,1.38819
8.86836,1.38866
8.88836,1.38925
8.90836,1.38972
8.92836,1.39019
8.94836,1.39069
8.96836,1.39122
8.98836,1.39166
9.00836,1.39216
9.02836,1.39253
9.04836,1.393
9.06836,1.39344
9.08836,1.394
9.10836,1.39447
9.12836,1.39478
9.14836,1.39531
9.16836,1.39578
9.18836,1.39625
9.20836,1.39672
9.22836,1.39716
9.24836,1.39769
9.26836,1.39803
9.28836,1.39847
9.30836,1.39887
9.32836,1.39934
9.34836,1.39978
9.36836,1.40019
9.38836,1.40072
9.40836,1.40125
9.42836,1.40156
9.44836,1.40194
9.46836,1.40244
9.48836,1.40291
9.50836,1.40334
9.52836,1.40391
9.54836,1.40422
9.56836,1.40466
9.58836,1.40519
9.60836,1.40566
9.62836,1.40606
9.64836,1.40653
9.66836,1.40706
9.68836,1.40759
9.70836,1.408
9.72836,1.40853
9.74836,1.409
9.76836,1.40941
9.78836,1.40978
9.80836,1.41031
9.82836,1.41072
9.84836,1.41116
9.86836,1.41162
9.88836,1.41216
9.90836,1.41247
9.92836,1.41303
9.94836,1.41356
9.96836,1.41397
9.98836,1.41462
10.0084,1.41497
10.0284,1.41541
10.0484,1.41597
10.0684,1.41641
10.0884,1.41687
10.1084,1.41728
10.1284,1.41775
10.1484,1.41812
10.1684,1.41866
10.1884,1.41912
10.2084,1.41966
10.2284,1.42012
10.2484,1.42069
10.2684,1.421
10.2884,1.42147
10.3084,1.422
10.3284,1.42237
10.3484,1.42278
10.3684,1.42316
10.3884,1.42369
10.4084,1.42422
10.4284,1.42462
10.4484,1.42503
10.4684,1.42556
10.4884,1.42584
10.5084,1.42634
10.5284,1.42687
10.5484,1.42731
10.5684,1.42772
10.5884,1.42812
10.6084,1.42856
10.6284,1.42909
10.6484,1.42956
10.6684,1.43003
10.6884,1.4305
10.7084,1.43091
10.7284,1.4315
10.7484,1.43181
10.7684,1.43222
10.7884,1.43269
10.8084,1.433
10.8284,1.43353
10.8484,1.43384
10.8684,1.43444
10.8884,1.43491
10.9084,1.43528
10.9284,1.43575
10.9484,1.43622
10.9684,1.43656
10.9884,1.43709
11.0084,1.43747
11.0284,1.43772
11.0484,1.43825
11.0684,1.43869
11.0884,1.43903
11.1084,1.43947
11.1284,1.43987
11.1484,1.44025
11.1684,1.44072
11.1884,1.44119
11.2084,1.44156
11.2284,1.44197
11.2484,1.4425
11.2684,1.44291
11.2884,1.44328
11.3084,1.44381
11.3284,1.44422
11.3484,1.44459
11.3684,1.44503
11.3884,1.44544
11.4084,1.44591
11.4284,1.44606
11.4484,1.44666
11.4684,1.44706
11.4884,1.44744
11.5084,1.44791
11.5284,1.44828
11.5484,1.44862
11.5684,1.44906
11.5884,1.44959
11.6084,1.44984
11.6284,1.45025
11.6484,1.45078
11.6684,1.45116
11.6884,1.45156
11.7084,1.45194
11.7284,1.45234
11.7484,1.45278
11.7684,1.45319
11.7884,1.45356
11.8084,1.45387
11.8284,1.45431
11.8484,1.45462
11.8684,1.45509
11.8884,1.45541
11.9084,1.45587
11.9284,1.45612
11.9484,1.45666
11.9684,1.45706
11.9884,1.45744
12.0084,1.45787
12.0284,1.45822
12.0484,1.45859
12.0684,1.45887
12.0884,1.45928
12.1084,1.45969
12.1284,1.46
12.1484,1.46037
12.1684,1.46075
12.1884,1.46106
12.2084,1.46137
12.2284,1.46169
12.2484,1.46194
12.2684,1.46247
12.2884,1.46294
12.3084,1.46325
12.3284,1.46362
12.3484,1.46394
12.3684,1.46422
12.3884,1.46472
12.4084,1.465
12.4284,1.46537
12.4484,1.46562
12.4684,1.46616
12.4884,1.4665
12.5084,1.46687
12.5284,1.46716
12.5484,1.4675
12.5684,1.46787
12.5884,1.46809
12.6084,1.46841
12.6284,1.46897
12.6484,1.46925
12.6684,1.46956
12.6884,1.46987
12.7084,1.47028
12.7284,1.4705
12.7484,1.47091
12.7684,1.47128
12.7884,1.47159
12.8084,1.47191
12.8284,1.47228
12.8484,1.47253
12.8684,1.47297
12.8884,1.47337
12.9084,1.47369
12.9284,1.47406
12.9484,1.47431
12.9684,1.47459
12.9884,1.47491
13.0084,1.47528
13.0284,1.47559
13.0484,1.47591
13.0684,1.47631
13.0884,1.47669
13.1084,1.47706
13.1284,1.47722
13.1484,1.47753
13.1684,1.47784
13.1884,1.47825
13.2084,1.47856
13.2284,1.479
13.2484,1.47916
13.2684,1.47953
13.2884,1.47984
13.3084,1.48016
13.3284,1.48034
13.3484,1.48078
13.3684,1.48109
13.3884,1.48147
13.4084,1.48166
13.4284,1.48203
13.4484,1.48228
13.4684,1.48256
13.4884,1.48281
13.5084,1.48309
13.5284,1.48344
13.5484,1.48375
13.5684,1.48406
13.5884,1.48434
13.6084,1.48466
13.6284,1.48497
13.6484,1.48534
13.6684,1.4855
13.6884,1.48581
13.7084,1.48612
13.7284,1.48634
13.7484,1.48659
13.7684,1.48684
13.7884,1.48716
13.8084,1.48737
13.8284,1.48769
13.8484,1.48806
13.8684,1.48831
13.8884,1.48862
13.9084,1.48897
13.9284,1.48916
13.9484,1.48959
13.9684,1.48978
13.9884,1.49006
14.0084,1.49025
14.0284,1.49047
14.0484,1.49075
14.0684,1.49094
14.0884,1.49131
14.1084,1.49156
14.1284,1.49194
14.1484,1.49216
14.1684,1.49231
14.1884,1.49269
14.2084,1.49284
14.2284,1.49309
14.2484,1.49334
14.2684,1.49356
14.2884,1.49394
14.3084,1.49419
14.3284,1.49447
14.3484,1.49478
14.3684,1.49509
14.3884,1.49519
14.4084,1.49547
14.4284,1.49566
14.4484,1.49594
14.4684,1.49628
14.4884,1.49644
14.5084,1.49666
14.5284,1.49697
14.5484,1.49712
14.5684,1.49744
14.5884,1.49756
14.6084,1.49791
14.6284,1.49819
14.6484,1.4985
14.6684,1.49859
14.6884,1.49891
14.7084,1.49906
14.7284,1.49937
14.7484,1.49953
14.7684,1.49966
14.7884,1.50003
14.8084,1.50022
14.8284,1.50059
14.8484,1.50081
14.8684,1.50097
14.8884,1.50116
14.9084,1.50137
14.9284,1.50166
14.9484,1.50181
14.9684,1.50206
14.9884,1.50222
15.0084,1.50262
15.0284,1.50278
15.0484,1.50294
15.0684,1.50309
15.0884,1.50344
15.1084,1.50359
15.1284,1.50369
15.1484,1.50409
15.1684,1.50422
15.1884,1.50447
15.2084,1.50453
15.2284,1.50478
15.2484,1.505
15.2684,1.50516
15.2884,1.50531
15.3084,1.50553
15.3284,1.50584
15.3484,1.50587
15.3684,1.50609
15.3884,1.50631
15.4084,1.50641
15.4284,1.50662
15.4484,1.50684
15.4684,1.50703
15.4884,1.50734
15.5084,1.5075
15.5284,1.50766
15.5484,1.50772
15.5684,1.50803
15.5884,1.50816
15.6084,1.50831
15.6284,1.5085
15.6484,1.50866
15.6684,1.50878
15.6884,1.50903
15.7084,1.50928
15.7284,1.50941
15.7484,1.50962
15.7684,1.50981
15.7884,1.50997
15.8084,1.51009
15.8284,1.51028
15.8484,1.51041
15.8684,1.51059
15.8884,1.51075
15.9084,1.51087
15.9284,1.51097
15.9484,1.51119
15.9684,1.51144
15.9884,1.51156
16.0084,1.51191
16.0284,1.51197
16.0484,1.51212
16.0684,1.51228
16.0884,1.51244
16.1084,1.51272
16.1284,1.51287
16.1484,1.51297
16.1684,1.51312
16.1884,1.51328
16.2084,1.51353
16.2284,1.51375
16.2484,1.51391
16.2684,1.514
16.2884,1.51422
16.3084,1.51437
16.3284,1.51437
16.3484,1.51453
16.3684,1.51475
16.3884,1.51491
16.4084,1.51497
16.4284,1.51522
16.4484,1.51544
16.4684,1.51547
16.4884,1.51569
16.5084,1.51584
16.5284,1.51597
16.5484,1.51606
16.5684,1.51631
16.5884,1.51644
16.6084,1.51653
16.6284,1.51662
16.6484,1.51675
16.6684,1.51691
16.6884,1.517
16.7084,1.51722
16.7284,1.51737
16.7484,1.51737
16.7684,1.51762
16.7884,1.51769
16.8084,1.51775
16.8284,1.51806
16.8484,1.51822
16.8684,1.51831
16.8884,1.51837
16.9084,1.51853
16.9284,1.51869
16.9484,1.51884
16.9684,1.51906
16.9884,1.51922
17.0084,1.51925
17.0284,1.51937
17.0484,1.51953
17.0684,1.51962
17.0884,1.51972
17.1084,1.51987
17.1284,1.51987
17.1484,1.52009
17.1684,1.52025
17.1884,1.52041
17.2084,1.52047
17.2284,1.5205
17.2484,1.52062
17.2684,1.52072
17.2884,1.52094
17.3084,1.52116
17.3284,1.52119
17.3484,1.52141
17.3684,1.5215
17.3884,1.52162
17.4084,1.52178
17.4284,1.52194
17.4484,1.52197
17.4684,1.52219
17.4884,1.52225
17.5084,1.52219
17.5284,1.52234
17.5484,1.5225
17.5684,1.52266
17.5884,1.52281
17.6084,1.52297
17.6284,1.52297
17.6484,1.52303
17.6684,1.52312
17.6884,1.52319
17.7084,1.52328
17.7284,1.52344
17.7484,1.52356
17.7684,1.52372
17.7884,1.52372
17.8084,1.52387
17.8284,1.52397
17.8484,1.52409
17.8684,1.52412
17.8884,1.52444
17.9084,1.52444
17.9284,1.52444
17.9484,1.52472
17.9684,1.52466
17.9884,1.52491
18.0084,1.52512
18.0284,1.52503
18.0484,1.52522
18.0684,1.52522
18.0884,1.52541
18.1084,1.5255
18.1284,1.52556
18.1484,1.52572
18.1684,1.52572
18.1884,1.52587
18.2084,1.52591
18.2284,1.52597
18.2484,1.52606
18.2684,1.52619
18.2884,1.52634
18.3084,1.52637
18.3284,1.5265
18.3484,1.52659
18.3684,1.52669
18.3884,1.52669
18.4084,1.52666
18.4284,1.52703
18.4484,1.52703
18.4684,1.52719
18.4884,1.52734
18.5084,1.52728
18.5284,1.52744
18.5484,1.52759
18.5684,1.52766
18.5884,1.52769
18.6084,1.52775
18.6284,1.52781
18.6484,1.52784
18.6684,1.528
18.6884,1.52791
18.7084,1.528
18.7284,1.528
18.7484,1.52812
18.7684,1.52828
18.7884,1.52844
18.8084,1.52847
18.8284,1.52859
18.8484,1.52866
18.8684,1.52881
18.8884,1.52884
18.9084,1.52891
18.9284,1.52912
18.9484,1.529
18.9684,1.52912
18.9884,1.52912
19.0084,1.52928
19.0284,1.52922
19.0484,1.52937
19.0684,1.52937
19.0884,1.52953
19.1084,1.52953
19.1284,1.52969
19.1484,1.52975
19.1684,1.52984
19.1884,1.52994
19.2084,1.53
19.2284,1.53
19.2484,1.53012
19.2684,1.53028
19.2884,1.53031
19.3084,1.53037
19.3284,1.53037
19.3484,1.53044
19.3684,1.53053
19.3884,1.53062
19.4084,1.53059
19.4284,1.53053
19.4484,1.53062
19.4684,1.53078
19.4884,1.53091
19.5084,1.53094
19.5284,1.53106
19.5484,1.53106
19.5684,1.53106
19.5884,1.53116
19.6084,1.53131
19.6284,1.53147
19.6484,1.53141
19.6684,1.53156
19.6884,1.53147
19.7084,1.53156
19.7284,1.53153
19.7484,1.53153
19.7684,1.53169
19.7884,1.53178
19.8084,1.53178
19.8284,1.53194
19.8484,1.53194
19.8684,1.53194
19.8884,1.532
19.9084,1.53206
19.9284,1.53222
19.9484,1.53222
19.9684,1.53209
19.9884,1.53237
20.0084,1.53231
20.0284,1.53237
20.0484,1.53241
20.0684,1.53256
20.0884,1.53256
20.1084,1.53269
20.1284,1.53256
20.1484,1.53262
20.1684,1.53272
20.1884,1.53269
20.2084,1.53284
20.2284,1.53278
20.2484,1.53284
20.2684,1.53287
20.2884,1.53287
20.3084,1.533
20.3284,1.53303
20.3484,1.53309
20.3684,1.53309
20.3884,1.53303
20.4084,1.53319
20.4284,1.53325
20.4484,1.53325
20.4684,1.53325
20.4884,1.53325
20.5084,1.53319
20.5284,1.53337
20.5484,1.53325
20.5684,1.53331
20.5884,1.53347
20.6084,1.53347
20.6284,1.53356
20.6484,1.53356
20.6684,1.53356
20.6884,1.53356
20.7084,1.53369
20.7284,1.53356
20.7484,1.53369
20.7684,1.53378
20.7884,1.53378
20.8084,1.53378
20.8284,1.53384
20.8484,1.53378
20.8684,1.53387
20.8884,1.53384
20.9084,1.53384
20.9284,1.534
20.9484,1.53403
20.9684,1.53394
20.9884,1.53403
21.0084,1.53403
21.0284,1.53409
21.0484,1.534
21.0684,1.53416
21.0884,1.53416
21.1084,1.53416
21.1284,1.53416
21.1484,1.53425
21.1684,1.53425
21.1884,1.53419
21.2084,1.53431
21.2284,1.53431
21.2484,1.53416
21.2684,1.53434
21.2884,1.53416
21.3084,1.53434
21.3284,1.53431
21.3484,1.53425
21.3684,1.53419
21.3884,1.53419
21.4084,1.53434
21.4284,1.53434
21.4484,1.53441
21.4684,1.53434
21.4884,1.5345
21.5084,1.53456
21.5284,1.5345
21.5484,1.53441
21.5684,1.53434
21.5884,1.5345
21.6084,1.5345
21.6284,1.53456
21.6484,1.53462
21.6684,1.53466
21.6884,1.53462
21.7084,1.5345
21.7284,1.53462
21.7484,1.5345
21.7684,1.53456
21.7884,1.53447
21.8084,1.5345
21.8284,1.5345
21.8484,1.5345
21.8684,1.53434
21.8884,1.53447
21.9084,1.5345
21.9284,1.53462
21.9484,1.53456
21.9684,1.53456
21.9884,1.5345
22.0084,1.53462
22.0284,1.53447
22.0484,1.53441
22.0684,1.5345
22.0884,1.5345
22.1084,1.53462
22.1284,1.53462
22.1484,1.53447
22.1684,1.53462
22.1884,1.53462
22.2084,1.53462
22.2284,1.53466
22.2484,1.53472
22.2684,1.53466
22.2884,1.53472
22.3084,1.53472
22.3284,1.53466
22.3484,1.53466
22.3684,1.53462
22.3884,1.53466
22.4084,1.53466
22.4284,1.5345
22.4484,1.5345
22.4684,1.53462
22.4884,1.5345
22.5084,1.53456
22.5284,1.5345
22.5484,1.53456
22.5684,1.5345
22.5884,1.53441
22.6084,1.5345
22.6284,1.5345
22.6484,1.53456
22.6684,1.53456
22.6884,1.5345
22.7084,1.53456
22.7284,1.53456
22.7484,1.53447
22.7684,1.53434
22.7884,1.53434
22.8084,1.53447
22.8284,1.53434
22.8484,1.53441
22.8684,1.53456
22.8884,1.53447
22.9084,1.53434
22.9284,1.53447
22.9484,1.53447
22.9684,1.5345
22.9884,1.5345
23.0084,1.53447
23.0284,1.53434
23.0484,1.53419
23.0684,1.53419
23.0884,1.53431
23.1084,1.53425
23.1284,1.53431
23.1484,1.53416
23.1684,1.53419
23.1884,1.53416
23.2084,1.53416
23.2284,1.53409
23.2484,1.53403
23.2684,1.53416
23.2884,1.53409
23.3084,1.53403
23.3284,1.53403
23.3484,1.53387
23.3684,1.534
23.3884,1.53394
23.4084,1.534
23.4284,1.53384
23.4484,1.53372
23.4684,1.53378
23.4884,1.53378
23.5084,1.53369
23.5284,1.53372
23.5484,1.53387
23.5684,1.53384
23.5884,1.53372
23.6084,1.53378
23.6284,1.53378
23.6484,1.53378
23.6684,1.53378
23.6884,1.53384
23.7084,1.53378
23.7284,1.53362
23.7484,1.53378
23.7684,1.53369
23.7884,1.53384
23.8084,1.53356
23.8284,1.53356
23.8484,1.53362
23.8684,1.53369
23.8884,1.53337
23.9084,1.53337
23.9284,1.53347
23.9484,1.53353
23.9684,1.53347
23.9884,1.53353
24.0084,1.53369
24.0284,1.53347
24.0484,1.53356
24.0684,1.53341
24.0884,1.53356
24.1084,1.53369
24.1284,1.53356
24.1484,1.53369
24.1684,1.53356
24.1884,1.53347
24.2084,1.53337
24.2284,1.53337
24.2484,1.53337
24.2684,1.53325
24.2884,1.53337
24.3084,1.53316
24.3284,1.53309
24.3484,1.53309
24.3684,1.533
24.3884,1.53303
24.4084,1.53303
24.4284,1.533
24.4484,1.53287
24.4684,1.53287
24.4884,1.53284
24.5084,1.53272
24.5284,1.53278
24.5484,1.53309
24.5684,1.53303
24.5884,1.53284
24.6084,1.53272
24.6284,1.53269
24.6484,1.53262
24.6684,1.53272
24.6884,1.53269
24.7084,1.53256
24.7284,1.53269
24.7484,1.53253
24.7684,1.53247
24.7884,1.53247
24.8084,1.53241
24.8284,1.53237
24.8484,1.53231
24.8684,1.53225
24.8884,1.53216
24.9084,1.53231
24.9284,1.53237
24.9484,1.53216
24.9684,1.53222
24.9884,1.53206
25.0084,1.53216
25.0284,1.532
25.0484,1.53209
25.0684,1.53206
25.0884,1.532
25.1084,1.532
25.1284,1.53194
25.1484,1.53206
25.1684,1.53194
25.1884,1.53194
25.2084,1.53194
25.2284,1.53191
25.2484,1.53184
25.2684,1.53191
25.2884,1.53184
25.3084,1.53169
25.3284,1.53169
25.3484,1.53162
25.3684,1.53175
25.3884,1.53169
25.4084,1.53169
25.4284,1.53162
25.4484,1.53131
25.4684,1.53125
25.4884,1.53137
25.5084,1.53137
25.5284,1.53131
25.5484,1.53125
25.5684,1.53122
25.5884,1.53125
25.6084,1.53125
25.6284,1.53116
25.6484,1.53109
25.6684,1.53109
25.6884,1.531
25.7084,1.53106
25.7284,1.53094
25.7484,1.531
25.7684,1.531
25.7884,1.531
25.8084,1.53106
25.8284,1.53106
25.8484,1.53091
25.8684,1.53084
25.8884,1.53091
25.9084,1.53069
25.9284,1.53069
25.9484,1.53069
25.9684,1.53069
25.9884,1.53059
26.0084,1.53078
26.0284,1.53062
26.0484,1.53062
26.0684,1.53047
26.0884,1.53059
26.1084,1.53059
26.1284,1.53047
26.1484,1.53037
26.1684,1.53031
26.1884,1.53031
26.2084,1.53044
26.2284,1.53031
26.2484,1.53
26.2684,1.52994
26.2884,1.53016
26.3084,1.53012
26.3284,1.53006
26.3484,1.53016
26.3684,1.53022
26.3884,1.52994
26.4084,1.52984
26.4284,1.53
26.4484,1.52991
26.4684,1.52984
26.4884,1.52984
26.5084,1.52984
26.5284,1.52994
26.5484,1.52978
26.5684,1.52984
26.5884,1.52984
26.6084,1.52962
26.6284,1.52969
26.6484,1.52969
26.6684,1.52959
26.6884,1.52969
26.7084,1.52975
26.7284,1.52962
26.7484,1.52959
26.7684,1.52947
26.7884,1.52944
26.8084,1.52944
26.8284,1.52947
26.8484,1.52937
26.8684,1.52959
26.8884,1.52947
26.9084,1.52953
26.9284,1.52947
26.9484,1.52931
26.9684,1.52931
26.9884,1.52922
27.0084,1.52922
27.0284,1.52922
27.0484,1.52931
27.0684,1.52922
27.0884,1.52912
27.1084,1.52912
27.1284,1.529
27.1484,1.52906
27.1684,1.52884
27.1884,1.52884
27.2084,1.52881
27.2284,1.52875
27.2484,1.52866
27.2684,1.52853
27.2884,1.52859
27.3084,1.52859
27.3284,1.52869
27.3484,1.52847
27.3684,1.52847
27.3884,1.52837
27.4084,1.52847
27.4284,1.52844
27.4484,1.52831
27.4684,1.52837
27.4884,1.52822
27.5084,1.52812
27.5284,1.52812
27.5484,1.52812
27.5684,1.52806
27.5884,1.528
27.6084,1.528
27.6284,1.52797
27.6484,1.52784
27.6684,1.52791
27.6884,1.52791
27.7084,1.52791
27.7284,1.52791
27.7484,1.52775
27.7684,1.52769
27.7884,1.52769
27.8084,1.52766
27.8284,1.52766
27.8484,1.52759
27.8684,1.52769
27.8884,1.52759
27.9084,1.52753
27.9284,1.52744
27.9484,1.5275
27.9684,1.52737
27.9884,1.5275
28.0084,1.5275
28.0284,1.52734
28.0484,1.52719
28.0684,1.52734
28.0884,1.52712
28.1084,1.52706
28.1284,1.52706
28.1484,1.52706
28.1684,1.52703
28.1884,1.52684
28.2084,1.52691
28.2284,1.52697
28.2484,1.52697
28.2684,1.52681
28.2884,1.52681
28.3084,1.52691
28.3284,1.52659
28.3484,1.52666
28.3684,1.52644
28.3884,1.52644
28.4084,1.52644
28.4284,1.52644
28.4484,1.52637
28.4684,1.52637
28.4884,1.52634
28.5084,1.52634
28.5284,1.52622
28.5484,1.52622
28.5684,1.52622
28.5884,1.52619
28.6084,1.52612
28.6284,1.52612
28.6484,1.52606
28.6684,1.52628
28.6884,1.52606
28.7084,1.52597
28.7284,1.52597
28.7484,1.52591
28.7684,1.52591
28.7884,1.52587
28.8084,1.52572
28.8284,1.52559
28.8484,1.52559
28.8684,1.52556
28.8884,1.52556
28.9084,1.5255
28.9284,1.52544
28.9484,1.52541
28.9684,1.52541
28.9884,1.52541
29.0084,1.52528
29.0284,1.52512
29.0484,1.52506
29.0684,1.52506
29.0884,1.52512
29.1084,1.52506
29.1284,1.52497
29.1484,1.52503
29.1684,1.52475
29.1884,1.52475
29.2084,1.52491
29.2284,1.52491
29.2484,1.52487
29.2684,1.52472
29.2884,1.52472
29.3084,1.52475
29.3284,1.52466
29.3484,1.52456
29.3684,1.52459
29.3884,1.52444
29.4084,1.52441
29.4284,1.52444
29.4484,1.52425
29.4684,1.52425
29.4884,1.52419
29.5084,1.52409
29.5284,1.52403
29.5484,1.52409
29.5684,1.52419
29.5884,1.52412
29.6084,1.52403
29.6284,1.52403
29.6484,1.52397
29.6684,1.52394
29.6884,1.52403
29.7084,1.52381
29.7284,1.52387
29.7484,1.52381
29.7684,1.52381
29.7884,1.52378
29.8084,1.52372
29.8284,1.52359
29.8484,1.52356
29.8684,1.52359
29.8884,1.52356
29.9084,1.52341
29.9284,1.52328
29.9484,1.52328
29.9684,1.52328
29.9884,1.52325
30.0084,1.52325
30.0284,1.52325
30.0484,1.52325
30.0684,1.52312
30.0884,1.52309
30.1084,1.52312
30.1284,1.52303
30.1484,1.52303
30.1684,1.52303
30.1884,1.52297
30.2084,1.52297
30.2284,1.52294
30.2484,1.52278
30.2684,1.52294
30.2884,1.52272
30.3084,1.52281
30.3284,1.52281
30.3484,1.52266
30.3684,1.52262
30.3884,1.52278
30.4084,1.52266
30.4284,1.52247
30.4484,1.52241
30.4684,1.5225
30.4884,1.52241
30.5084,1.52234
30.5284,1.52234
30.5484,1.52234
30.5684,1.52225
30.5884,1.52231
30.6084,1.52231
30.6284,1.52225
30.6484,1.52219
30.6684,1.52212
30.6884,1.52197
30.7084,1.52203
30.7284,1.52187
30.7484,1.52197
30.7684,1.52181
30.7884,1.52187
30.8084,1.52178
30.8284,1.52172
30.8484,1.52166
30.8684,1.52162
30.8884,1.52172
30.9084,1.52162
30.9284,1.52156
30.9484,1.5215
30.9684,1.52141
30.9884,1.52141
31.0084,1.52134
31.0284,1.52131
31.0484,1.52134
31.0684,1.52125
31.0884,1.52125
31.1084,1.52131
31.1284,1.52131
31.1484,1.52125
31.1684,1.52119
31.1884,1.52109
31.2084,1.52119
31.2284,1.52109
31.2484,1.52103
31.2684,1.52094
31.2884,1.52094
31.3084,1.52084
31.3284,1.52078
31.3484,1.52078
31.3684,1.52072
31.3884,1.52078
31.4084,1.52078
31.4284,1.52072
31.4484,1.52069
31.4684,1.52062
31.4884,1.52056
31.5084,1.5205
31.5284,1.52041
31.5484,1.5205
31.5684,1.52041
31.5884,1.52034
31.6084,1.52047
31.6284,1.52041
31.6484,1.52025
31.6684,1.52016
31.6884,1.52019
31.7084,1.52019
31.7284,1.52016
31.7484,1.52003
31.7684,1.52003
31.7884,1.52
31.8084,1.51987
31.8284,1.51978
31.8484,1.51987
31.8684,1.51987
31.8884,1.51987
31.9084,1.51978
31.9284,1.51962
31.9484,1.51947
31.9684,1.51953
31.9884,1.51947
32.0084,1.51953
32.0284,1.51937
32.0484,1.51941
32.0684,1.51931
32.0884,1.51922
32.1084,1.51925
32.1284,1.51925
32.1484,1.51909
32.1684,1.51909
32.1884,1.51906
32.2084,1.51906
32.2284,1.51906
32.2484,1.51906
32.2684,1.51887
32.2884,1.51894
32.3084,1.51894
32.3284,1.51878
32.3484,1.51878
32.3684,1.51872
32.3884,1.51869
32.4084,1.51853
32.4284,1.51847
32.4484,1.51856
32.4684,1.51847
32.4884,1.51847
32.5084,1.51853
32.5284,1.51847
32.5484,1.51841
32.5684,1.51837
32.5884,1.51825
32.6084,1.51837
32.6284,1.51837
32.6484,1.51837
32.6684,1.51809
32.6884,1.51816
32.7084,1.518
32.7284,1.518
32.7484,1.518
32.7684,1.518
32.7884,1.51794
32.8084,1.51791
32.8284,1.51778
32.8484,1.51762
32.8684,1.51759
32.8884,1.51769
32.9084,1.51759
32.9284,1.51759
32.9484,1.51747
32.9684,1.51744
32.9884,1.51747
33.0084,1.51744
33.0284,1.51737
33.0484,1.51737
33.0684,1.51737
33.0884,1.51722
33.1084,1.51716
33.1284,1.51716
33.1484,1.51706
33.1684,1.51706
33.1884,1.51709
33.2084,1.51694
33.2284,1.51694
33.2484,1.517
33.2684,1.51694
33.2884,1.51691
33.3084,1.51675
33.3284,1.51669
33.3484,1.51675
33.3684,1.51659
33.3884,1.51647
33.4084,1.51653
33.4284,1.51647
33.4484,1.51637
33.4684,1.51637
33.4884,1.51653
33.5084,1.51644
33.5284,1.51637
33.5484,1.51628
33.5684,1.51622
33.5884,1.51616
33.6084,1.51606
33.6284,1.51616
33.6484,1.51612
33.6684,1.51616
33.6884,1.516
33.7084,1.516
33.7284,1.51606
33.7484,1.51597
33.7684,1.51597
33.7884,1.51591
33.8084,1.51584
33.8284,1.51578
33.8484,1.51584
33.8684,1.51575
33.8884,1.51575
33.9084,1.51562
33.9284,1.51559
33.9484,1.51559
33.9684,1.51547
33.9884,1.51547
34.0084,1.51544
34.0284,1.51537
34.0484,1.51531
34.0684,1.51528
34.0884,1.51516
34.1084,1.51516
34.1284,1.51506
34.1484,1.51506
34.1684,1.51512
34.1884,1.51497
34.2084,1.51497
34.2284,1.51484
34.2484,1.51484
34.2684,1.51466
34.2884,1.51469
34.3084,1.51481
34.3284,1.51466
34.3484,1.51481
34.3684,1.51469
34.3884,1.51469
34.4084,1.51469
34.4284,1.51466
34.4484,1.5145
34.4684,1.51444
34.4884,1.51434
34.5084,1.51434
34.5284,1.51437
34.5484,1.51416
34.5684,1.51416
34.5884,1.51416
34.6084,1.51434
34.6284,1.51416
34.6484,1.51416
34.6684,1.51397
34.6884,1.514
34.7084,1.51397
34.7284,1.51397
34.7484,1.514
34.7684,1.51391
34.7884,1.51391
34.8084,1.51369
34.8284,1.51366
34.8484,1.51359
34.8684,1.51353
34.8884,1.51353
34.9084,1.51337
34.9284,1.51344
34.9484,1.51334
34.9684,1.51334
34.9884,1.51334
35.0084,1.51328
35.0284,1.51334
35.0484,1.51319
35.0684,1.51306
35.0884,1.51306
35.1084,1.51297
35.1284,1.51303
35.1484,1.51306
35.1684,1.51291
35.1884,1.51287
35.2084,1.51291
35.2284,1.51281
35.2484,1.51287
35.2684,1.51287
35.2884,1.51275
35.3084,1.51281
35.3284,1.51266
35.3484,1.51259
35.3684,1.51259
35.3884,1.51253
35.4084,1.51253
35.4284,1.51253
35.4484,1.51244
35.4684,1.51234
35.4884,1.51228
35.5084,1.51228
35.5284,1.51228
35.5484,1.51219
35.5684,1.51219
35.5884,1.51222
35.6084,1.51212
35.6284,1.51212
35.6484,1.51212
35.6684,1.51203
35.6884,1.51187
35.7084,1.51187
35.7284,1.51181
35.7484,1.51172
35.7684,1.51159
35.7884,1.51159
35.8084,1.51159
35.8284,1.51144
35.8484,1.51141
35.8684,1.5115
35.8884,1.5115
35.9084,1.51128
35.9284,1.5115
35.9484,1.51156
35.9684,1.51141
35.9884,1.51141
36.0084,1.51144
36.0284,1.51134
36.0484,1.51134
36.0684,1.51109
36.0884,1.51128
36.1084,1.51125
36.1284,1.51112
36.1484,1.51103
36.1684,1.51091
36.1884,1.51091
36.2084,1.51091
36.2284,1.51091
36.2484,1.51081
36.2684,1.51072
36.2884,1.51059
36.3084,1.51059
36.3284,1.51056
36.3484,1.5105
36.3684,1.5105
36.3884,1.51041
36.4084,1.51034
36.4284,1.51034
36.4484,1.51028
36.4684,1.51044
36.4884,1.51034
36.5084,1.51019
36.5284,1.51009
36.5484,1.51019
36.5684,1.51003
36.5884,1.51009
36.6084,1.51025
36.6284,1.51012
36.6484,1.51003
36.6684,1.50987
36.6884,1.50966
36.7084,1.50978
36.7284,1.50966
36.7484,1.5095
36.7684,1.50956
36.7884,1.50962
36.8084,1.50956
36.8284,1.50944
36.8484,1.50944
36.8684,1.50941
36.8884,1.50928
36.9084,1.50934
36.9284,1.50925
36.9484,1.50919
36.9684,1.50919
36.9884,1.50919
37.0084,1.50919
37.0284,1.50909
37.0484,1.50903
37.0684,1.50903
37.0884,1.50897
37.1084,1.50894
37.1284,1.50887
37.1484,1.50887
37.1684,1.50887
37.1884,1.50878
37.2084,1.50881
37.2284,1.50872
37.2484,1.50887
37.2684,1.50878
37.2884,1.50878
37.3084,1.50866
37.3284,1.50878
37.3484,1.50872
37.3684,1.50856
37.3884,1.5085
37.4084,1.5085
37.4284,1.50841
37.4484,1.50841
37.4684,1.50841
37.4884,1.50819
37.5084,1.50816
37.5284,1.50825
37.5484,1.50809
37.5684,1.50816
37.5884,1.50803
37.6084,1.50803
37.6284,1.50803
37.6484,1.50787
37.6684,1.50794
37.6884,1.50787
37.7084,1.50781
37.7284,1.50778
37.7484,1.50778
37.7684,1.50772
37.7884,1.50762
37.8084,1.50762
37.8284,1.50747
37.8484,1.50741
37.8684,1.50731
37.8884,1.50716
37.9084,1.50725
37.9284,1.50725
37.9484,1.50719
37.9684,1.50716
37.9884,1.50709
38.0084,1.50709
38.0284,1.50703
38.0484,1.507
38.0684,1.507
38.0884,1.50687
38.1084,1.50694
38.1284,1.50694
38.1484,1.50669
38.1684,1.50669
38.1884,1.50669
38.2084,1.50672
38.2284,1.50678
38.2484,1.50678
38.2684,1.50653
38.2884,1.50641
38.3084,1.50641
38.3284,1.50637
38.3484,1.50631
38.3684,1.50625
38.3884,1.50616
38.4084,1.50616
38.4284,1.50609
38.4484,1.50619
38.4684,1.50619
38.4884,1.50609
38.5084,1.506
38.5284,1.50594
38.5484,1.50587
38.5684,1.50594
38.5884,1.50594
38.6084,1.50572
38.6284,1.50572
38.6484,1.50569
38.6684,1.50569
38.6884,1.50547
38.7084,1.50553
38.7284,1.50547
38.7484,1.50541
38.7684,1.50531
38.7884,1.50516
38.8084,1.50522
38.8284,1.50522
38.8484,1.50516
38.8684,1.505
38.8884,1.50509
38.9084,1.50506
38.9284,1.505
38.9484,1.50506
38.9684,1.50484
38.9884,1.50478
39.0084,1.50469
39.0284,1.50462
39.0484,1.50453
39.0684,1.50456
39.0884,1.50453
39.1084,1.50453
39.1284,1.50437
39.1484,1.50441
39.1684,1.50425
39.1884,1.50437
39.2084,1.50431
39.2284,1.50422
39.2484,1.50422
39.2684,1.50425
39.2884,1.50422
39.3084,1.50394
39.3284,1.50406
39.3484,1.504
39.3684,1.504
39.3884,1.50394
39.4084,1.50394
39.4284,1.50394
39.4484,1.50391
39.4684,1.50384
39.4884,1.50384
39.5084,1.50394
39.5284,1.50378
39.5484,1.50375
39.5684,1.50347
39.5884,1.50353
39.6084,1.50359
39.6284,1.50347
39.6484,1.50337
39.6684,1.50347
39.6884,1.50316
39.7084,1.50337
39.7284,1.50328
39.7484,1.50331
39.7684,1.50322
39.7884,1.50316
39.8084,1.50306
39.8284,1.50309
39.8484,1.50306
39.8684,1.50284
39.8884,1.50294
39.9084,1.50294
39.9284,1.50284
39.9484,1.50284
39.9684,1.50284
39.9884,1.50278
40.0084,1.50284
40.0284,1.50275
40.0484,1.50259
40.0684,1.50259
40.0884,1.50247
40.1084,1.50231
40.1284,1.50231
40.1484,1.50237
40.1684,1.50237
40.1884,1.50237
40.2084,1.50237
40.2284,1.50228
40.2484,1.50231
40.2684,1.50212
40.2884,1.50216
40.3084,1.502
40.3284,1.50206
40.3484,1.502
40.3684,1.50197
40.3884,1.50191
40.4084,1.50191
40.4284,1.50181
40.4484,1.50184
40.4684,1.50191
40.4884,1.50169
40.5084,1.50166
40.5284,1.50166
40.5484,1.50153
40.5684,1.50166
40.5884,1.50153
40.6084,1.50144
40.6284,1.50153
40.6484,1.50153
40.6684,1.50144
40.6884,1.50122
40.7084,1.50122
40.7284,1.50122
40.7484,1.50128
40.7684,1.50122
40.7884,1.50112
40.8084,1.501
40.8284,1.50106
40.8484,1.50091
40.8684,1.50091
40.8884,1.50084
40.9084,1.50081
40.9284,1.50069
40.9484,1.50069
40.9684,1.50084
40.9884,1.50069
41.0084,1.50066
41.0284,1.50053
41.0484,1.5005
41.0684,1.50044
41.0884,1.50037
41.1084,1.5005
41.1284,1.50044
41.1484,1.50037
41.1684,1.50022
41.1884,1.50019
41.2084,1.50012
41.2284,1.50003
41.2484,1.49991
41.2684,1.49984
41.2884,1.49981
41.3084,1.49975
41.3284,1.49984
41.3484,1.49975
41.3684,1.49981
41.3884,1.49981
41.4084,1.49975
41.4284,1.49975
41.4484,1.49966
41.4684,1.49959
41.4884,1.4995
41.5084,1.4995
41.5284,1.49937
41.5484,1.4995
41.5684,1.49944
41.5884,1.49944
41.6084,1.49922
41.6284,1.49928
41.6484,1.49922
41.6684,1.49912
41.6884,1.49906
41.7084,1.49922
41.7284,1.49912
41.7484,1.49912
41.7684,1.49897
41.7884,1.49891
41.8084,1.49891
41.8284,1.49897
41.8484,1.49906
41.8684,1.49891
41.8884,1.49891
41.9084,1.49875
41.9284,1.49881
41.9484,1.49875
41.9684,1.49872
41.9884,1.49875
42.0084,1.49866
42.0284,1.49856
42.0484,1.4985
42.0684,1.4985
42.0884,1.49828
42.1084,1.49834
42.1284,1.49822
42.1484,1.49837
42.1684,1.49822
42.1884,1.49819
42.2084,1.49822
42.2284,1.49819
42.2484,1.49806
42.2684,1.49797
42.2884,1.49797
42.3084,1.49803
42.3284,1.49803
42.3484,1.49781
42.3684,1.49787
42.3884,1.49772
42.4084,1.49766
42.4284,1.49759
42.4484,1.49744
42.4684,1.49744
42.4884,1.49734
42.5084,1.49756
42.5284,1.49756
42.5484,1.49756
42.5684,1.49744
42.5884,1.49744
42.6084,1.49744
42.6284,1.49728
42.6484,1.49728
42.6684,1.49719
42.6884,1.49712
42.7084,1.49712
42.7284,1.49709
42.7484,1.49697
42.7684,1.49697
42.7884,1.49687
42.8084,1.49672
42.8284,1.49687
42.8484,1.49672
42.8684,1.49672
42.8884,1.49666
42.9084,1.49672
42.9284,1.49666
42.9484,1.49666
42.9684,1.49656
42.9884,1.49644
43.0084,1.49644
43.0284,1.49644
43.0484,1.49644
43.0684,1.49628
43.0884,1.49628
43.1084,1.49628
43.1284,1.49619
43.1484,1.49619
43.1684,1.49612
43.1884,1.49609
43.2084,1.49597
43.2284,1.49597
43.2484,1.49597
43.2684,1.49594
43.2884,1.49581
43.3084,1.49578
43.3284,1.49566
43.3484,1.49578
43.3684,1.49578
43.3884,1.49566
43.4084,1.49566
43.4284,1.49556
43.4484,1.4955
43.4684,1.49562
43.4884,1.49556
43.5084,1.4955
43.5284,1.4955
43.5484,1.49547
43.5684,1.49531
43.5884,1.49541
43.6084,1.49541
43.6284,1.49534
43.6484,1.49512
43.6684,1.49512
43.6884,1.49509
43.7084,1.49512
43.7284,1.49512
43.7484,1.49503
43.7684,1.49503
43.7884,1.49497
43.8084,1.49487
43.8284,1.49487
43.8484,1.49481
43.8684,1.49478
43.8884,1.49481
43.9084,1.49481
43.9284,1.49466
43.9484,1.49472
43.9684,1.49466
43.9884,1.49466
44.0084,1.49447
44.0284,1.49441
44.0484,1.49456
44.0684,1.49456
44.0884,1.49431
44.1084,1.49441
44.1284,1.49431
44.1484,1.49431
44.1684,1.49431
44.1884,1.49419
44.2084,1.49419
44.2284,1.49416
44.2484,1.49409
44.2684,1.49409
44.2884,1.49409
44.3084,1.49394
44.3284,1.49387
44.3484,1.49384
44.3684,1.49384
44.3884,1.49384
44.4084,1.49372
44.4284,1.49369
44.4484,1.49362
44.4684,1.49362
44.4884,1.49369
44.5084,1.49369
44.5284,1.49362
44.5484,1.49347
44.5684,1.4935
44.5884,1.49341
44.6084,1.49334
44.6284,1.49325
44.6484,1.49331
44.6684,1.49334
44.6884,1.49347
44.7084,1.49325
44.7284,1.49319
44.7484,1.49309
44.7684,1.49316
44.7884,1.49316
44.8084,1.49303
44.8284,1.49303
44.8484,1.49309
44.8684,1.49309
44.8884,1.49303
44.9084,1.49303
44.9284,1.49294
44.9484,1.49303
44.9684,1.49294
44.9884,1.49269
45.0084,1.49262
45.0284,1.49253
45.0484,1.49272
45.0684,1.49262
45.0884,1.49269
45.1084,1.49269
45.1284,1.49269
45.1484,1.49253
45.1684,1.49247
45.1884,1.49241
45.2084,1.49253
45.2284,1.49237
45.2484,1.49247
45.2684,1.49231
45.2884,1.49237
45.3084,1.49225
45.3284,1.49222
45.3484,1.49216
45.3684,1.49209
45.3884,1.49216
45.4084,1.49209
45.4284,1.49203
45.4484,1.49209
45.4684,1.49209
45.4884,1.492
45.5084,1.49194
45.5284,1.492
45.5484,1.49194
45.5684,1.49184
45.5884,1.49187
45.6084,1.49187
45.6284,1.49172
45.6484,1.49187
45.6684,1.49178
45.6884,1.49184
45.7084,1.49178
45.7284,1.49172
45.7484,1.49162
45.7684,1.49153
45.7884,1.49153
45.8084,1.49153
45.8284,1.49147
45.8484,1.49147
45.8684,1.49141
45.8884,1.49131
45.9084,1.49125
45.9284,1.49131
45.9484,1.49131
45.9684,1.49131
45.9884,1.49116
46.0084,1.49116
46.0284,1.49109
46.0484,1.49106
46.0684,1.49094
46.0884,1.49106
46.1084,1.491
46.1284,1.491
46.1484,1.491
46.1684,1.49091
46.1884,1.49091
46.2084,1.49094
46.2284,1.49094
46.2484,1.49084
46.2684,1.49069
46.2884,1.49062
46.3084,1.49062
46.3284,1.49059
46.3484,1.49059
46.3684,1.49062
46.3884,1.49041
46.4084,1.49041
46.4284,1.49041
46.4484,1.49031
46.4684,1.49031
46.4884,1.49041
46.5084,1.49031
46.5284,1.49025
46.5484,1.49025
46.5684,1.49016
46.5884,1.49031
46.6084,1.49016
46.6284,1.49022
46.6484,1.49009
46.6684,1.49006
46.6884,1.49
46.7084,1.49
46.7284,1.49006
46.7484,1.49
46.7684,1.49
46.7884,1.48991
46.8084,1.48991
46.8284,1.48984
46.8484,1.48978
46.8684,1.48991
46.8884,1.48975
46.9084,1.48969
46.9284,1.48969
46.9484,1.48959
46.9684,1.48947
46.9884,1.48944
47.0084,1.48944
47.0284,1.48953
47.0484,1.48959
47.0684,1.48953
47.0884,1.48937
47.1084,1.48947
47.1284,1.48953
47.1484,1.48944
47.1684,1.48916
47.1884,1.48916
47.2084,1.48912
47.2284,1.48912
47.2484,1.48906
47.2684,1.48912
47.2884,1.489
47.3084,1.48897
47.3284,1.48897
47.3484,1.48878
47.3684,1.48878
47.3884,1.48875
47.4084,1.48875
47.4284,1.48862
47.4484,1.48869
47.4684,1.48853
47.4884,1.48847
